{
  "hash": "898b2604",
  "configHash": "1f57e5f2",
  "lockfileHash": "9a363b1b",
  "browserHash": "4f9b3780",
  "optimized": {
    "@angular/core": {
      "src": "../../../../../node_modules/@angular/core/fesm2022/core.mjs",
      "file": "@angular_core.js",
      "fileHash": "b9c98487",
      "needsInterop": false
    },
    "@angular/platform-browser": {
      "src": "../../../../../node_modules/@angular/platform-browser/fesm2022/platform-browser.mjs",
      "file": "@angular_platform-browser.js",
      "fileHash": "a2e9d254",
      "needsInterop": false
    },
    "@angular/router": {
      "src": "../../../../../node_modules/@angular/router/fesm2022/router.mjs",
      "file": "@angular_router.js",
      "fileHash": "78a49aae",
      "needsInterop": false
    },
    "@angular/common": {
      "src": "../../../../../node_modules/@angular/common/fesm2022/common.mjs",
      "file": "@angular_common.js",
      "fileHash": "019820c0",
      "needsInterop": false
    },
    "@angular/forms": {
      "src": "../../../../../node_modules/@angular/forms/fesm2022/forms.mjs",
      "file": "@angular_forms.js",
      "fileHash": "f9a7ce9f",
      "needsInterop": false
    }
  },
  "chunks": {
    "chunk-NQ6D4ISP": {
      "file": "chunk-NQ6D4ISP.js"
    },
    "chunk-C2MIALNU": {
      "file": "chunk-C2MIALNU.js"
    },
    "chunk-ZQGDSIWM": {
      "file": "chunk-ZQGDSIWM.js"
    }
  }
}